{"train_losses": [3.5874352127818736, 1.7912156556622456, 1.260735730751086], "train_accuracies": [0.26150583244962883, 0.593001060445387, 0.7047720042417815], "valid_losses": [2.2539267024478398, 1.6980473121275772, 1.5190398858205691], "valid_accuracies": [0.4770992366412214, 0.5814249363867684, 0.6183206106870229], "training_time": 587.6900026798248}