{"train_losses": [3.1352914650561448, 1.7430372636196978, 1.4112994067749736], "train_accuracies": [0.2856839872746554, 0.528525980911983, 0.6107104984093319], "valid_losses": [1.7166518528719206, 1.4360033301888286, 1.3172658963783368], "valid_accuracies": [0.5534351145038168, 0.6077184054283291, 0.6327396098388465], "training_time": 544.3674826622009}