{"train_losses": [1.0731716506876225, 0.5932649293437947, 0.5230710684906604], "train_accuracies": [0.6817270905447258, 0.8159956276188741, 0.8323920568409546], "valid_losses": [0.59968889781902, 0.5217440382165964, 0.45124922554160274], "valid_accuracies": [0.8150036416605972, 0.830298616168973, 0.8448652585579024], "training_time": 167.61882376670837}